<?xml version = '1.0' encoding = 'UTF-8'?>
<Table class="oracle.dbtools.crest.model.design.relational.Table" directorySegmentName="seg_0" id="30A37A3A-E7D2-4060-6C2D-8481C1ECF9A6" name="T_GENERO">
<createdBy>mahbu</createdBy>
<createdTime>2022-05-23 16:11:05 UTC</createdTime>
<generatorID>5ADE7C73-3B7D-B530-A114-8E3B09B6C378</generatorID>
<ownerDesignName>rm94092-cap7</ownerDesignName>
<allowColumnReorder>false</allowColumnReorder>
<existDependencyGenerateInDDl>true</existDependencyGenerateInDDl>
<parsed>true</parsed>
<columns itemClass="oracle.dbtools.crest.model.design.relational.Column">
<Column name="cd_genero" id="73AD5EDD-3D5E-F5A7-97A0-A1B0CF480A86">
<createdBy>mahbu</createdBy>
<createdTime>2022-05-23 16:11:05 UTC</createdTime>
<generatorID>960A6454-C075-8FDF-F8D8-091AF5871943</generatorID>
<ownerDesignName>rm94092-cap7</ownerDesignName>
<useDomainConstraints>false</useDomainConstraints>
<use>1</use>
<logicalDatatype>LOGDT019</logicalDatatype>
<dataTypePrecision>2</dataTypePrecision>
<ownDataTypeParameters>,2,</ownDataTypeParameters>
<autoIncrementCycle>false</autoIncrementCycle>
</Column>
<Column name="ds_genero" id="D6DF0FFD-CE7B-BC6A-D335-B46C36A344B9">
<createdBy>mahbu</createdBy>
<createdTime>2022-05-23 16:11:05 UTC</createdTime>
<generatorID>4DE6C2A2-88E7-170A-4D8E-3302E84A5A55</generatorID>
<ownerDesignName>rm94092-cap7</ownerDesignName>
<useDomainConstraints>false</useDomainConstraints>
<use>1</use>
<logicalDatatype>LOGDT024</logicalDatatype>
<dataTypeSize>15</dataTypeSize>
<ownDataTypeParameters>15,,</ownDataTypeParameters>
<autoIncrementCycle>false</autoIncrementCycle>
</Column>
<Column name="T_USUARIO_cd_usu" id="5F629729-9D13-2AFC-382D-31F48F091848">
<createdBy>mahbu</createdBy>
<createdTime>2022-05-23 16:11:05 UTC</createdTime>
<generatorID>843E72F4-FEF8-45A1-A628-325E1B831A01</generatorID>
<ownerDesignName>rm94092-cap7</ownerDesignName>
<useDomainConstraints>false</useDomainConstraints>
<use>1</use>
<logicalDatatype>LOGDT019</logicalDatatype>
<dataTypePrecision>5</dataTypePrecision>
<ownDataTypeParameters>,,</ownDataTypeParameters>
<previousColumn>false</previousColumn>
<autoIncrementCycle>false</autoIncrementCycle>
<associations>
<colAssociation fkAssociation="93A9753D-D87B-CBE2-F8F4-E4B66FBA42B5" referredColumn="90342066-6D92-5901-CB4E-5052FCC5E2D2"/>
</associations>
</Column>
</columns>
<indexes itemClass="oracle.dbtools.crest.model.design.relational.Index">
<ind_PK_UK id="D58B7051-99C3-9629-7399-AFA9672A6494" name="T_GENERO_PK">
<createdBy>mahbu</createdBy>
<createdTime>2022-05-23 16:11:05 UTC</createdTime>
<generatorID>2FBF82A7-8F74-AE14-6C33-D0DB4852F8C6</generatorID>
<ownerDesignName>rm94092-cap7</ownerDesignName>
<pk>true</pk>
<indexState>Primary Constraint</indexState>
<isSurrogateKey>false</isSurrogateKey>
<indexColumnUsage>
<colUsage columnID="73AD5EDD-3D5E-F5A7-97A0-A1B0CF480A86"/>
<colUsage columnID="5F629729-9D13-2AFC-382D-31F48F091848"/>
</indexColumnUsage>
</ind_PK_UK>
<ind_PK_UK id="5C78D738-057F-6D20-0F8C-DDEA9868C89E" name="T_GENERO_T_USUARIO_FK">
<createdBy>mahbu</createdBy>
<createdTime>2022-05-23 16:11:05 UTC</createdTime>
<generatorID>1D28FFA5-37E5-28B0-90AA-E31BFF334139</generatorID>
<ownerDesignName>rm94092-cap7</ownerDesignName>
<indexState>Foreign Key</indexState>
<isSurrogateKey>false</isSurrogateKey>
<indexColumnUsage>
<colUsage columnID="5F629729-9D13-2AFC-382D-31F48F091848"/>
</indexColumnUsage>
</ind_PK_UK>
</indexes>
</Table>