<?xml version = '1.0' encoding = 'UTF-8'?>
<Table class="oracle.dbtools.crest.model.design.relational.Table" directorySegmentName="seg_0" id="DAD2EE43-1945-5025-1B3E-86E7436E27FF" name="T_USUARIO">
<createdBy>mahbu</createdBy>
<createdTime>2022-05-23 16:11:05 UTC</createdTime>
<generatorID>8F3EB762-78D4-CF12-8EF4-DF2E8D30046C</generatorID>
<ownerDesignName>rm94092-cap7</ownerDesignName>
<allowColumnReorder>false</allowColumnReorder>
<existDependencyGenerateInDDl>true</existDependencyGenerateInDDl>
<parsed>true</parsed>
<columns itemClass="oracle.dbtools.crest.model.design.relational.Column">
<Column name="cd_usu" id="90342066-6D92-5901-CB4E-5052FCC5E2D2">
<createdBy>mahbu</createdBy>
<createdTime>2022-05-23 16:11:05 UTC</createdTime>
<commentInRDBMS><![CDATA[código do usuário]]></commentInRDBMS>
<generatorID>0CEA737B-DD27-3678-5D89-6C542F71C939</generatorID>
<ownerDesignName>rm94092-cap7</ownerDesignName>
<useDomainConstraints>false</useDomainConstraints>
<use>1</use>
<logicalDatatype>LOGDT019</logicalDatatype>
<dataTypePrecision>5</dataTypePrecision>
<ownDataTypeParameters>,5,</ownDataTypeParameters>
<autoIncrementCycle>false</autoIncrementCycle>
</Column>
<Column name="ds_email" id="8A4C6CBE-576A-4C38-F909-8A5C433170D4">
<createdBy>mahbu</createdBy>
<createdTime>2022-05-23 16:11:05 UTC</createdTime>
<generatorID>0B52B52A-5406-AFAE-0B7D-A3A4353D6232</generatorID>
<ownerDesignName>rm94092-cap7</ownerDesignName>
<useDomainConstraints>false</useDomainConstraints>
<use>1</use>
<logicalDatatype>LOGDT024</logicalDatatype>
<dataTypeSize>256</dataTypeSize>
<ownDataTypeParameters>256,,</ownDataTypeParameters>
<autoIncrementCycle>false</autoIncrementCycle>
</Column>
<Column name="ds_senha" id="2B6E9402-3571-DF1E-E7A8-A4E75326E30F">
<createdBy>mahbu</createdBy>
<createdTime>2022-05-23 16:11:05 UTC</createdTime>
<generatorID>618E769A-6CC9-4208-4A40-960B367D42C1</generatorID>
<ownerDesignName>rm94092-cap7</ownerDesignName>
<useDomainConstraints>false</useDomainConstraints>
<use>1</use>
<logicalDatatype>LOGDT024</logicalDatatype>
<dataTypeSize>30</dataTypeSize>
<ownDataTypeParameters>30,,</ownDataTypeParameters>
<autoIncrementCycle>false</autoIncrementCycle>
</Column>
<Column name="nm_usuario" id="55706499-35E8-C1FD-5CC1-03E93C8776CA">
<createdBy>mahbu</createdBy>
<createdTime>2022-05-23 16:11:05 UTC</createdTime>
<generatorID>2C373B59-ABEE-4894-1DA5-DA9B5F996B03</generatorID>
<ownerDesignName>rm94092-cap7</ownerDesignName>
<useDomainConstraints>false</useDomainConstraints>
<use>1</use>
<logicalDatatype>LOGDT024</logicalDatatype>
<dataTypeSize>80</dataTypeSize>
<ownDataTypeParameters>80,,</ownDataTypeParameters>
<autoIncrementCycle>false</autoIncrementCycle>
</Column>
<Column name="dt_nascimento" id="F8FDD51D-C407-8935-CA2C-BB1B9BD82F2E">
<createdBy>mahbu</createdBy>
<createdTime>2022-05-23 16:11:05 UTC</createdTime>
<generatorID>A50CDEC2-D296-A732-4078-4FF662E55495</generatorID>
<ownerDesignName>rm94092-cap7</ownerDesignName>
<useDomainConstraints>false</useDomainConstraints>
<use>1</use>
<logicalDatatype>LOGDT007</logicalDatatype>
<ownDataTypeParameters>,,</ownDataTypeParameters>
<autoIncrementCycle>false</autoIncrementCycle>
</Column>
</columns>
<indexes itemClass="oracle.dbtools.crest.model.design.relational.Index">
<ind_PK_UK id="96835B11-476D-BDB9-D31E-F81D8A5ECDEE" name="T_USUARIO_PK">
<createdBy>mahbu</createdBy>
<createdTime>2022-05-23 16:11:05 UTC</createdTime>
<generatorID>54E7F767-CDC6-0A5A-6D31-53AFD9800EDF</generatorID>
<ownerDesignName>rm94092-cap7</ownerDesignName>
<pk>true</pk>
<indexState>Primary Constraint</indexState>
<isSurrogateKey>false</isSurrogateKey>
<indexColumnUsage>
<colUsage columnID="90342066-6D92-5901-CB4E-5052FCC5E2D2"/>
</indexColumnUsage>
</ind_PK_UK>
</indexes>
</Table>