<?xml version = '1.0' encoding = 'UTF-8'?>
<Relation class="oracle.dbtools.crest.model.design.logical.Relation" name="T TIPO MOV T MOV FK" directorySegmentName="seg_0" id="0519A01B-B104-0AB9-56A4-7C37EE9F1AF4">
<createdBy>mahbu</createdBy>
<createdTime>2022-05-23 12:17:21 UTC</createdTime>
<ownerDesignName>rm94092-cap7</ownerDesignName>
<engineerTo>
<item key="2C8AF195-3653-FF63-BD5B-A7C4539BFAAE" value="true"/>
</engineerTo>
<sourcePk>29F6E6F1-05A5-2C9F-30F3-6FA280D69740</sourcePk>
<identifying>false</identifying>
<optionalSource>true</optionalSource>
<optionalTarget>false</optionalTarget>
<sourceCardinality>1</sourceCardinality>
<sourceEntity>93733FA2-D93B-7571-FF6F-B6799C8E70FB</sourceEntity>
<targetCardinalityString>*</targetCardinalityString>
<targetEntity>0AB37D82-94CC-1E36-91D9-DF999EA22BC7</targetEntity>
<transferable>true</transferable>
<deleteRule>NO ACTION</deleteRule>
</Relation>