<?xml version = '1.0' encoding = 'UTF-8'?>
<Relation class="oracle.dbtools.crest.model.design.logical.Relation" name="T MOV T USUARIO FK" directorySegmentName="seg_0" id="7725CAFF-9CC3-CD0C-0039-F4EFF1187431">
<createdBy>mahbu</createdBy>
<createdTime>2022-05-23 01:02:22 UTC</createdTime>
<ownerDesignName>rm94092-cap7</ownerDesignName>
<engineerTo>
<item key="2C8AF195-3653-FF63-BD5B-A7C4539BFAAE" value="true"/>
</engineerTo>
<sourcePk>54E7F767-CDC6-0A5A-6D31-53AFD9800EDF</sourcePk>
<identifying>true</identifying>
<optionalSource>true</optionalSource>
<optionalTarget>false</optionalTarget>
<sourceCardinality>1</sourceCardinality>
<sourceEntity>8F3EB762-78D4-CF12-8EF4-DF2E8D30046C</sourceEntity>
<targetCardinalityString>*</targetCardinalityString>
<targetEntity>93733FA2-D93B-7571-FF6F-B6799C8E70FB</targetEntity>
<transferable>true</transferable>
<deleteRule>NO ACTION</deleteRule>
</Relation>