<?xml version = '1.0' encoding = 'UTF-8'?>
<Relation class="oracle.dbtools.crest.model.design.logical.Relation" name="T META T USUARIO FK" directorySegmentName="seg_0" id="A241167D-08E0-001B-8CD2-30824A453762">
<createdBy>mahbu</createdBy>
<createdTime>2022-05-23 01:14:50 UTC</createdTime>
<ownerDesignName>rm94092-cap7</ownerDesignName>
<engineerTo>
<item key="2C8AF195-3653-FF63-BD5B-A7C4539BFAAE" value="true"/>
</engineerTo>
<sourcePk>54E7F767-CDC6-0A5A-6D31-53AFD9800EDF</sourcePk>
<identifying>false</identifying>
<optionalSource>true</optionalSource>
<optionalTarget>false</optionalTarget>
<sourceCardinality>1</sourceCardinality>
<sourceEntity>8F3EB762-78D4-CF12-8EF4-DF2E8D30046C</sourceEntity>
<targetCardinalityString>*</targetCardinalityString>
<targetEntity>D543F099-0F63-29CA-E90C-58876801AD17</targetEntity>
<transferable>true</transferable>
<deleteRule>NO ACTION</deleteRule>
</Relation>