<?xml version = '1.0' encoding = 'UTF-8'?>
<Entity class="oracle.dbtools.crest.model.design.logical.Entity" directorySegmentName="seg_0" id="032FFC90-D0FA-1761-0B80-243D5B7DBE00" name="T OBJ FIN">
<createdBy>mahbu</createdBy>
<createdTime>2022-05-22 23:10:25 UTC</createdTime>
<ownerDesignName>rm94092-cap7</ownerDesignName>
<engineerTo>
<item key="2C8AF195-3653-FF63-BD5B-A7C4539BFAAE" value="true"/>
</engineerTo>
<adequatelyNormalized>NO</adequatelyNormalized>
<expectedVolumes>0</expectedVolumes>
<fwdEngineeringStrategyName>Single Table</fwdEngineeringStrategyName>
<growthPercent>0</growthPercent>
<growthType>Year</growthType>
<maxVolumes>9999999</maxVolumes>
<minVolumes>0</minVolumes>
<normalForm>Third</normalForm>
<attributes itemClass="oracle.dbtools.crest.model.design.logical.Attribute">
<Attribute name="cd objetivo" id="12D3357B-588E-EAA7-B085-D170D0D8CB96">
<createdBy>mahbu</createdBy>
<createdTime>2022-05-22 23:10:38 UTC</createdTime>
<ownerDesignName>rm94092-cap7</ownerDesignName>
<engineerTo>
<item key="2C8AF195-3653-FF63-BD5B-A7C4539BFAAE" value="true"/>
</engineerTo>
<useDomainConstraints>false</useDomainConstraints>
<use>1</use>
<logicalDatatype>LOGDT019</logicalDatatype>
<dataTypePrecision>2</dataTypePrecision>
<ownDataTypeParameters>,2,</ownDataTypeParameters>
</Attribute>
<Attribute name="ds objetivo" id="A7360516-E32F-B24C-77FF-EC691FECC664">
<createdBy>mahbu</createdBy>
<createdTime>2022-05-22 23:10:52 UTC</createdTime>
<ownerDesignName>rm94092-cap7</ownerDesignName>
<engineerTo>
<item key="2C8AF195-3653-FF63-BD5B-A7C4539BFAAE" value="true"/>
</engineerTo>
<useDomainConstraints>false</useDomainConstraints>
<use>1</use>
<logicalDatatype>LOGDT024</logicalDatatype>
<dataTypeSize>20</dataTypeSize>
<ownDataTypeParameters>20,,</ownDataTypeParameters>
</Attribute>
<Attribute name="cd usu" id="FC8597FE-E0D7-2BD6-1BD6-24EB802D1C56">
<createdBy>mahbu</createdBy>
<createdTime>2022-05-23 17:23:24 UTC</createdTime>
<generatorID>991A221E-079C-5A62-D88B-2244DC01B81B</generatorID>
<ownerDesignName>rm94092-cap7</ownerDesignName>
<engineerTo>
<item key="2C8AF195-3653-FF63-BD5B-A7C4539BFAAE" value="true"/>
</engineerTo>
<referedAttribute>0CEA737B-DD27-3678-5D89-6C542F71C939</referedAttribute>
<useDomainConstraints>false</useDomainConstraints>
<use>1</use>
<logicalDatatype>LOGDT019</logicalDatatype>
<dataTypePrecision>5</dataTypePrecision>
<ownDataTypeParameters>,,</ownDataTypeParameters>
</Attribute>
<Attribute name="T USUARIO cd usu" id="58684B66-EFD0-CED0-E144-4C44C435E992">
<createdBy>mahbu</createdBy>
<createdTime>2022-05-23 18:17:13 UTC</createdTime>
<generatorID>991A221E-079C-5A62-D88B-2244DC01B81B</generatorID>
<ownerDesignName>rm94092-cap7</ownerDesignName>
<engineerTo>
<item key="2C8AF195-3653-FF63-BD5B-A7C4539BFAAE" value="true"/>
</engineerTo>
<referedAttribute>0CEA737B-DD27-3678-5D89-6C542F71C939</referedAttribute>
<useDomainConstraints>false</useDomainConstraints>
<use>1</use>
<logicalDatatype>LOGDT019</logicalDatatype>
<dataTypePrecision>5</dataTypePrecision>
<ownDataTypeParameters>,,</ownDataTypeParameters>
</Attribute>
</attributes>
<identifiers itemClass="oracle.dbtools.crest.model.design.logical.CandidateKey">
<identifier id="0A5AC3CE-19D4-4E3B-FFEA-CEC9D293C117" name="T_OBJ_FIN_PK">
<createdBy>mahbu</createdBy>
<createdTime>2022-05-22 23:10:50 UTC</createdTime>
<ownerDesignName>rm94092-cap7</ownerDesignName>
<shouldEngineer>false</shouldEngineer>
<engineerTo>
<item key="2C8AF195-3653-FF63-BD5B-A7C4539BFAAE" value="false"/>
</engineerTo>
<pk>true</pk>
<usedAttributes>
<attributeRef>12D3357B-588E-EAA7-B085-D170D0D8CB96</attributeRef>
</usedAttributes>
</identifier>
</identifiers>
</Entity>