<?xml version = '1.0' encoding = 'UTF-8'?>
<Entity class="oracle.dbtools.crest.model.design.logical.Entity" directorySegmentName="seg_0" id="0AB37D82-94CC-1E36-91D9-DF999EA22BC7" name="T TIPO MOV">
<createdBy>mahbu</createdBy>
<createdTime>2022-05-23 00:43:47 UTC</createdTime>
<ownerDesignName>rm94092-cap7</ownerDesignName>
<engineerTo>
<item key="2C8AF195-3653-FF63-BD5B-A7C4539BFAAE" value="true"/>
</engineerTo>
<adequatelyNormalized>NO</adequatelyNormalized>
<expectedVolumes>0</expectedVolumes>
<fwdEngineeringStrategyName>Single Table</fwdEngineeringStrategyName>
<growthPercent>0</growthPercent>
<growthType>Year</growthType>
<maxVolumes>9999999</maxVolumes>
<minVolumes>0</minVolumes>
<normalForm>Third</normalForm>
<attributes itemClass="oracle.dbtools.crest.model.design.logical.Attribute">
<Attribute name="cd tp mov" id="ED572256-3F8A-85C2-773A-C3235A9A81D2">
<createdBy>mahbu</createdBy>
<createdTime>2022-05-23 00:43:55 UTC</createdTime>
<ownerDesignName>rm94092-cap7</ownerDesignName>
<engineerTo>
<item key="2C8AF195-3653-FF63-BD5B-A7C4539BFAAE" value="true"/>
</engineerTo>
<useDomainConstraints>false</useDomainConstraints>
<use>1</use>
<logicalDatatype>LOGDT019</logicalDatatype>
<dataTypePrecision>2</dataTypePrecision>
<ownDataTypeParameters>,2,</ownDataTypeParameters>
</Attribute>
<Attribute name="ds tipo movimentacao" id="FE512010-B3B3-E566-7B6B-6C0A9840D431">
<createdBy>mahbu</createdBy>
<createdTime>2022-05-23 00:44:40 UTC</createdTime>
<ownerDesignName>rm94092-cap7</ownerDesignName>
<engineerTo>
<item key="2C8AF195-3653-FF63-BD5B-A7C4539BFAAE" value="true"/>
</engineerTo>
<useDomainConstraints>false</useDomainConstraints>
<use>1</use>
<logicalDatatype>LOGDT037</logicalDatatype>
<dataTypeSize>15</dataTypeSize>
<ownDataTypeParameters>15,,</ownDataTypeParameters>
</Attribute>
<Attribute name="T MOV cd mov" id="60DEE6F6-BCC8-D903-75FB-3572A5BAF43A">
<createdBy>mahbu</createdBy>
<createdTime>2022-05-23 12:17:21 UTC</createdTime>
<generatorID>0519A01B-B104-0AB9-56A4-7C37EE9F1AF4</generatorID>
<ownerDesignName>rm94092-cap7</ownerDesignName>
<engineerTo>
<item key="2C8AF195-3653-FF63-BD5B-A7C4539BFAAE" value="true"/>
</engineerTo>
<referedAttribute>11BCC323-3B11-8B20-18AB-25C6DD8FEB45</referedAttribute>
<useDomainConstraints>false</useDomainConstraints>
<use>1</use>
<logicalDatatype>LOGDT019</logicalDatatype>
<dataTypePrecision>5</dataTypePrecision>
<ownDataTypeParameters>,,</ownDataTypeParameters>
</Attribute>
<Attribute name="T USUARIO cd usu" id="B538037B-345E-0DFF-7988-5E3006F9B38D">
<createdBy>mahbu</createdBy>
<createdTime>2022-05-23 18:17:13 UTC</createdTime>
<generatorID>0519A01B-B104-0AB9-56A4-7C37EE9F1AF4</generatorID>
<ownerDesignName>rm94092-cap7</ownerDesignName>
<engineerTo>
<item key="2C8AF195-3653-FF63-BD5B-A7C4539BFAAE" value="true"/>
</engineerTo>
<referedAttribute>449DC0F6-F68C-6736-0D95-41B8C9A8485D</referedAttribute>
<useDomainConstraints>false</useDomainConstraints>
<use>1</use>
<logicalDatatype>LOGDT019</logicalDatatype>
<dataTypePrecision>5</dataTypePrecision>
<ownDataTypeParameters>,,</ownDataTypeParameters>
</Attribute>
<Attribute name="T MOV T USUARIO cd usu" id="1F2659C6-C3DD-C023-7597-E3C14D915E77">
<createdBy>mahbu</createdBy>
<createdTime>2022-05-23 18:21:48 UTC</createdTime>
<generatorID>0519A01B-B104-0AB9-56A4-7C37EE9F1AF4</generatorID>
<ownerDesignName>rm94092-cap7</ownerDesignName>
<engineerTo>
<item key="2C8AF195-3653-FF63-BD5B-A7C4539BFAAE" value="true"/>
</engineerTo>
<referedAttribute>449DC0F6-F68C-6736-0D95-41B8C9A8485D</referedAttribute>
<useDomainConstraints>false</useDomainConstraints>
<use>1</use>
<logicalDatatype>LOGDT019</logicalDatatype>
<dataTypePrecision>5</dataTypePrecision>
<ownDataTypeParameters>,,</ownDataTypeParameters>
</Attribute>
</attributes>
<identifiers itemClass="oracle.dbtools.crest.model.design.logical.CandidateKey">
<identifier id="6985F1DA-D14A-A605-7451-FA0674BB667F" name="T_TIPO_MOVIMENTACAO_PK">
<createdBy>mahbu</createdBy>
<createdTime>2022-05-23 00:44:38 UTC</createdTime>
<ownerDesignName>rm94092-cap7</ownerDesignName>
<shouldEngineer>false</shouldEngineer>
<engineerTo>
<item key="2C8AF195-3653-FF63-BD5B-A7C4539BFAAE" value="false"/>
</engineerTo>
<pk>true</pk>
<usedAttributes>
<attributeRef>ED572256-3F8A-85C2-773A-C3235A9A81D2</attributeRef>
</usedAttributes>
</identifier>
</identifiers>
</Entity>