<?xml version = '1.0' encoding = 'UTF-8'?>
<Entity class="oracle.dbtools.crest.model.design.logical.Entity" directorySegmentName="seg_0" id="5ADE7C73-3B7D-B530-A114-8E3B09B6C378" name="T GENERO">
<createdBy>mahbu</createdBy>
<createdTime>2022-05-22 23:20:43 UTC</createdTime>
<ownerDesignName>rm94092-cap7</ownerDesignName>
<engineerTo>
<item key="2C8AF195-3653-FF63-BD5B-A7C4539BFAAE" value="true"/>
</engineerTo>
<adequatelyNormalized>NO</adequatelyNormalized>
<expectedVolumes>0</expectedVolumes>
<fwdEngineeringStrategyName>Single Table</fwdEngineeringStrategyName>
<growthPercent>0</growthPercent>
<growthType>Year</growthType>
<maxVolumes>9999999</maxVolumes>
<minVolumes>0</minVolumes>
<normalForm>Third</normalForm>
<attributes itemClass="oracle.dbtools.crest.model.design.logical.Attribute">
<Attribute name="cd genero" id="960A6454-C075-8FDF-F8D8-091AF5871943">
<createdBy>mahbu</createdBy>
<createdTime>2022-05-22 23:20:54 UTC</createdTime>
<ownerDesignName>rm94092-cap7</ownerDesignName>
<engineerTo>
<item key="2C8AF195-3653-FF63-BD5B-A7C4539BFAAE" value="true"/>
</engineerTo>
<useDomainConstraints>false</useDomainConstraints>
<use>1</use>
<logicalDatatype>LOGDT019</logicalDatatype>
<dataTypePrecision>2</dataTypePrecision>
<ownDataTypeParameters>,2,</ownDataTypeParameters>
</Attribute>
<Attribute name="T USUARIO cd usu" id="843E72F4-FEF8-45A1-A628-325E1B831A01">
<createdBy>mahbu</createdBy>
<createdTime>2022-05-23 15:04:26 UTC</createdTime>
<generatorID>1D28FFA5-37E5-28B0-90AA-E31BFF334139</generatorID>
<ownerDesignName>rm94092-cap7</ownerDesignName>
<engineerTo>
<item key="2C8AF195-3653-FF63-BD5B-A7C4539BFAAE" value="true"/>
</engineerTo>
<referedAttribute>0CEA737B-DD27-3678-5D89-6C542F71C939</referedAttribute>
<useDomainConstraints>false</useDomainConstraints>
<use>1</use>
<logicalDatatype>LOGDT019</logicalDatatype>
<dataTypePrecision>5</dataTypePrecision>
<ownDataTypeParameters>,,</ownDataTypeParameters>
</Attribute>
<Attribute name="ds genero" id="4DE6C2A2-88E7-170A-4D8E-3302E84A5A55">
<createdBy>mahbu</createdBy>
<createdTime>2022-05-22 23:21:01 UTC</createdTime>
<ownerDesignName>rm94092-cap7</ownerDesignName>
<engineerTo>
<item key="2C8AF195-3653-FF63-BD5B-A7C4539BFAAE" value="true"/>
</engineerTo>
<useDomainConstraints>false</useDomainConstraints>
<use>1</use>
<logicalDatatype>LOGDT024</logicalDatatype>
<dataTypeSize>15</dataTypeSize>
<ownDataTypeParameters>15,,</ownDataTypeParameters>
</Attribute>
</attributes>
<identifiers itemClass="oracle.dbtools.crest.model.design.logical.CandidateKey">
<identifier id="2FBF82A7-8F74-AE14-6C33-D0DB4852F8C6" name="T_GENERO_PK">
<createdBy>mahbu</createdBy>
<createdTime>2022-05-22 23:22:10 UTC</createdTime>
<ownerDesignName>rm94092-cap7</ownerDesignName>
<shouldEngineer>false</shouldEngineer>
<engineerTo>
<item key="2C8AF195-3653-FF63-BD5B-A7C4539BFAAE" value="false"/>
</engineerTo>
<pk>true</pk>
<usedAttributes>
<attributeRef>960A6454-C075-8FDF-F8D8-091AF5871943</attributeRef>
<attributeRef>843E72F4-FEF8-45A1-A628-325E1B831A01</attributeRef>
</usedAttributes>
</identifier>
</identifiers>
</Entity>