<?xml version = '1.0' encoding = 'UTF-8'?>
<Entity class="oracle.dbtools.crest.model.design.logical.Entity" directorySegmentName="seg_0" id="93733FA2-D93B-7571-FF6F-B6799C8E70FB" name="T MOV">
<createdBy>mahbu</createdBy>
<createdTime>2022-05-22 21:27:41 UTC</createdTime>
<ownerDesignName>rm94092-cap7</ownerDesignName>
<engineerTo>
<item key="2C8AF195-3653-FF63-BD5B-A7C4539BFAAE" value="true"/>
</engineerTo>
<adequatelyNormalized>NO</adequatelyNormalized>
<expectedVolumes>0</expectedVolumes>
<fwdEngineeringStrategyName>Single Table</fwdEngineeringStrategyName>
<growthPercent>0</growthPercent>
<growthType>Year</growthType>
<maxVolumes>9999999</maxVolumes>
<minVolumes>0</minVolumes>
<normalForm>Third</normalForm>
<shortName>T_MOV</shortName>
<attributes itemClass="oracle.dbtools.crest.model.design.logical.Attribute">
<Attribute name="cd mov" id="11BCC323-3B11-8B20-18AB-25C6DD8FEB45">
<createdBy>mahbu</createdBy>
<createdTime>2022-05-22 23:37:50 UTC</createdTime>
<commentInRDBMS><![CDATA[identificador da movimentacao]]></commentInRDBMS>
<ownerDesignName>rm94092-cap7</ownerDesignName>
<engineerTo>
<item key="2C8AF195-3653-FF63-BD5B-A7C4539BFAAE" value="true"/>
</engineerTo>
<useDomainConstraints>false</useDomainConstraints>
<use>1</use>
<logicalDatatype>LOGDT019</logicalDatatype>
<dataTypePrecision>5</dataTypePrecision>
<ownDataTypeParameters>,5,</ownDataTypeParameters>
</Attribute>
<Attribute name="T USUARIO cd usu" id="449DC0F6-F68C-6736-0D95-41B8C9A8485D">
<createdBy>mahbu</createdBy>
<createdTime>2022-05-23 15:04:26 UTC</createdTime>
<generatorID>7725CAFF-9CC3-CD0C-0039-F4EFF1187431</generatorID>
<ownerDesignName>rm94092-cap7</ownerDesignName>
<engineerTo>
<item key="2C8AF195-3653-FF63-BD5B-A7C4539BFAAE" value="true"/>
</engineerTo>
<referedAttribute>0CEA737B-DD27-3678-5D89-6C542F71C939</referedAttribute>
<useDomainConstraints>false</useDomainConstraints>
<use>1</use>
<logicalDatatype>LOGDT019</logicalDatatype>
<dataTypePrecision>5</dataTypePrecision>
<ownDataTypeParameters>,,</ownDataTypeParameters>
</Attribute>
<Attribute name="ds valor" id="F42183FD-3EA5-030E-871F-A1EB7703C63F">
<createdBy>mahbu</createdBy>
<createdTime>2022-05-23 00:52:32 UTC</createdTime>
<ownerDesignName>rm94092-cap7</ownerDesignName>
<engineerTo>
<item key="2C8AF195-3653-FF63-BD5B-A7C4539BFAAE" value="true"/>
</engineerTo>
<useDomainConstraints>false</useDomainConstraints>
<use>1</use>
<logicalDatatype>LOGDT024</logicalDatatype>
<dataTypeSize>12</dataTypeSize>
<ownDataTypeParameters>12,,</ownDataTypeParameters>
</Attribute>
<Attribute name="dt data" id="720E7450-05A8-2959-5089-18B2FC89F3D5">
<createdBy>mahbu</createdBy>
<createdTime>2022-05-23 00:52:44 UTC</createdTime>
<ownerDesignName>rm94092-cap7</ownerDesignName>
<engineerTo>
<item key="2C8AF195-3653-FF63-BD5B-A7C4539BFAAE" value="true"/>
</engineerTo>
<useDomainConstraints>false</useDomainConstraints>
<use>1</use>
<logicalDatatype>LOGDT007</logicalDatatype>
<ownDataTypeParameters>,,</ownDataTypeParameters>
</Attribute>
</attributes>
<identifiers itemClass="oracle.dbtools.crest.model.design.logical.CandidateKey">
<identifier id="29F6E6F1-05A5-2C9F-30F3-6FA280D69740" name="T_MOV_PK">
<createdBy>mahbu</createdBy>
<createdTime>2022-05-22 23:37:59 UTC</createdTime>
<ownerDesignName>rm94092-cap7</ownerDesignName>
<shouldEngineer>false</shouldEngineer>
<engineerTo>
<item key="2C8AF195-3653-FF63-BD5B-A7C4539BFAAE" value="false"/>
</engineerTo>
<pk>true</pk>
<usedAttributes>
<attributeRef>11BCC323-3B11-8B20-18AB-25C6DD8FEB45</attributeRef>
<attributeRef>449DC0F6-F68C-6736-0D95-41B8C9A8485D</attributeRef>
</usedAttributes>
</identifier>
</identifiers>
</Entity>